feature,gain,gain_share
rel_property_last_price,195425.2025874853,0.1968
area_m2,119139.07710325718,0.12
dong,117704.00628995895,0.1185
rel_property_price_median_365d,64284.50859582424,0.0647
built_year,56366.54768919945,0.0568
building_age,55619.944944262505,0.056
station_dist_m,45006.05552136898,0.0453
univ_dist_m,32218.63181400299,0.0324
floor,31516.475183963776,0.0317
area_bin,26652.203246474266,0.0268
rel_comp_price_median_180d,26287.66128408909,0.0265
lat,24628.09427678585,0.0248
lon,22526.031351327896,0.0227
gu_price_trend_12m,19573.655725359917,0.0197
contract_month,15078.095240592957,0.0152
gu_tx_count_90d,11872.999207854271,0.012
property_days_since_last_transaction,11321.421292066574,0.0114
month_cos,11112.83343076706,0.0112
month_sin,9018.40431702137,0.0091
n_stations_1km,7992.119942188263,0.008
dong_tx_count_180d,7830.311791419983,0.0079
property_tx_count_365d,7016.135308146477,0.0071
rel_dong_price_median_180d,6969.650847434998,0.007
rel_comp_price_median_90d,6630.0092705488205,0.0067
rel_dong_price_std_90d,6612.272855401039,0.0067
gu_price_trend_3m,6537.7385531663895,0.0066
rel_dong_price_mean_90d,5680.950266599655,0.0057
comp_tx_count_90d,4985.161531567574,0.005
dong_tx_count_90d,4655.574089884758,0.0047
rel_dong_price_median_90d,3850.3228365182877,0.0039
building_name_is_address,3221.259425163269,0.0032
housing_type,3177.9374994039536,0.0032
dong_price_trend_3m,3167.9467972517014,0.0032
is_basement,3129.422133207321,0.0032
comp_price_trend_3m,3015.064521789551,0.003
housing_category,2510.754768848419,0.0025
rel_dong_price_median_30d,2176.217509865761,0.0022
rel_comp_price_median_30d,2135.299560904503,0.0022
dong_tx_count_30d,1839.1174720525742,0.0019
gu,1634.40003824234,0.0016
horizon_days,1542.6545877456665,0.0016
is_ground_floor,1215.464387178421,0.0012
has_property_history,34.511719703674316,0.0
has_comp_90d_history,11.686620235443115,0.0
has_dong_90d_history,0.0,0.0
