n,MAPE_%,MdAPE_%,MAE,coverage_80,rel_width_median,pinball_avg,method,horizon_days
29057.0,36.74,19.36,6029.3,0.797,0.916,2051.67,baseline,all
4151.0,35.53,18.42,5805.8,0.802,0.912,1997.83,baseline,0
4151.0,36.27,19.32,5952.4,0.797,0.91,2031.72,baseline,30
4151.0,36.18,19.58,5940.7,0.799,0.916,2018.62,baseline,60
4151.0,37.14,19.65,6089.1,0.793,0.919,2071.7,baseline,90
4151.0,37.07,19.36,6045.0,0.797,0.917,2052.98,baseline,120
4151.0,37.36,19.63,6129.2,0.794,0.912,2086.56,baseline,150
4151.0,37.67,20.0,6242.8,0.8,0.932,2102.29,baseline,180
29057.0,16.69,8.46,2749.4,0.778,0.356,928.96,lgbm_quantile,all
4151.0,16.46,8.18,2678.1,0.791,0.354,906.54,lgbm_quantile,0
4151.0,16.67,8.25,2728.7,0.785,0.357,922.08,lgbm_quantile,30
4151.0,16.65,8.45,2744.7,0.783,0.358,926.44,lgbm_quantile,60
4151.0,16.76,8.71,2750.8,0.778,0.355,927.01,lgbm_quantile,90
4151.0,16.73,8.51,2763.0,0.773,0.356,936.28,lgbm_quantile,120
4151.0,16.78,8.54,2788.2,0.762,0.355,941.33,lgbm_quantile,150
4151.0,16.78,8.65,2792.3,0.772,0.36,943.02,lgbm_quantile,180
