gu,housing_category,n,MAPE_%,MdAPE_%,MAE,coverage_80,rel_width_median,pinball_avg,method
노원구,연립다세대,4949.0,83.33,27.8,17.4,0.832,1.703,6.07,baseline
노원구,오피스텔,1554.0,34.42,5.88,9.1,0.963,1.703,5.33,baseline
동대문구,연립다세대,7462.0,100.68,36.0,28.3,0.761,1.703,9.73,baseline
동대문구,오피스텔,20853.0,95.44,20.32,27.4,0.836,1.703,10.37,baseline
동작구,연립다세대,14616.0,97.6,37.66,26.6,0.752,1.703,8.82,baseline
동작구,오피스텔,2541.0,98.17,16.76,20.5,0.841,1.703,8.07,baseline
서대문구,연립다세대,12173.0,83.59,33.44,29.6,0.783,1.703,10.47,baseline
서대문구,오피스텔,7539.0,86.73,15.24,22.3,0.864,1.703,9.49,baseline
성북구,연립다세대,11116.0,92.72,33.28,26.1,0.788,1.703,9.04,baseline
성북구,오피스텔,2422.0,55.02,19.17,23.5,0.884,1.703,8.84,baseline
노원구,연립다세대,4949.0,39.09,13.04,9.0,0.791,0.564,2.98,lgbm_quantile
노원구,오피스텔,1554.0,10.4,5.01,4.1,0.923,0.311,1.49,lgbm_quantile
동대문구,연립다세대,7462.0,28.71,13.46,11.2,0.786,0.573,3.69,lgbm_quantile
동대문구,오피스텔,20853.0,33.57,8.19,12.3,0.841,0.395,4.0,lgbm_quantile
동작구,연립다세대,14616.0,33.41,16.93,12.8,0.769,0.774,4.31,lgbm_quantile
동작구,오피스텔,2541.0,13.96,7.23,6.3,0.854,0.361,2.12,lgbm_quantile
서대문구,연립다세대,12173.0,35.66,14.98,15.7,0.747,0.646,5.36,lgbm_quantile
서대문구,오피스텔,7539.0,12.78,5.78,6.7,0.904,0.336,2.38,lgbm_quantile
성북구,연립다세대,11116.0,34.12,14.98,11.9,0.781,0.661,4.05,lgbm_quantile
성북구,오피스텔,2422.0,12.58,7.91,7.5,0.87,0.371,2.53,lgbm_quantile
