source_file,source_sheet,encoding,header_line_index,header_inferred,cond_gu,cond_period,housing_category,n_rows,n_repeated_header_rows,ok,error
data\raw\노원구_2021-2026.xlsx,Sheet1,xlsx,0.0,False,,,연립다세대,10191,0,True,
data\raw\노원구_2021-2026.xlsx,오피스텔,xlsx,,True,,,오피스텔,2417,0,True,
data\raw\동대문구_2021-2026\연립다세대(전월세)_실거래가_20260915194838.xlsx,연립다세대(전월세) 실거래가,xlsx,9.0,False,,2026-01-01 ~ 2026-09-15,연립다세대,2087,0,True,
data\raw\동대문구_2021-2026\연립다세대(전월세)_실거래가_20260915195326.xlsx,연립다세대(전월세) 실거래가,xlsx,9.0,False,,2025-01-01 ~ 2025-12-31,연립다세대,3300,0,True,
data\raw\동대문구_2021-2026\연립다세대(전월세)_실거래가_20260915195419.xlsx,연립다세대(전월세) 실거래가,xlsx,9.0,False,,2024-01-01 ~ 2024-12-31,연립다세대,3267,0,True,
data\raw\동대문구_2021-2026\연립다세대(전월세)_실거래가_20260915195458.xlsx,연립다세대(전월세) 실거래가,xlsx,9.0,False,,2023-01-01 ~ 2023-12-31,연립다세대,3189,0,True,
data\raw\동대문구_2021-2026\연립다세대(전월세)_실거래가_20260915195531.xlsx,연립다세대(전월세) 실거래가,xlsx,9.0,False,,2022-01-01 ~ 2022-12-31,연립다세대,3004,0,True,
data\raw\동대문구_2021-2026\연립다세대(전월세)_실거래가_20260915195608.xlsx,연립다세대(전월세) 실거래가,xlsx,9.0,False,,2021-01-01 ~ 2021-12-31,연립다세대,2986,0,True,
data\raw\동대문구_2021-2026\오피스텔(전월세)_실거래가_20260915195040.xlsx,오피스텔(전월세) 실거래가,xlsx,9.0,False,,2026-01-01 ~ 2026-09-15,오피스텔,4348,0,True,
data\raw\동대문구_2021-2026\오피스텔(전월세)_실거래가_20260915195318.xlsx,오피스텔(전월세) 실거래가,xlsx,9.0,False,,2025-01-01 ~ 2025-12-31,오피스텔,5660,0,True,
data\raw\동대문구_2021-2026\오피스텔(전월세)_실거래가_20260915195422.xlsx,오피스텔(전월세) 실거래가,xlsx,9.0,False,,2024-01-01 ~ 2024-12-31,오피스텔,4890,0,True,
data\raw\동대문구_2021-2026\오피스텔(전월세)_실거래가_20260915195455.xlsx,오피스텔(전월세) 실거래가,xlsx,9.0,False,,2023-01-01 ~ 2023-12-31,오피스텔,4358,0,True,
data\raw\동대문구_2021-2026\오피스텔(전월세)_실거래가_20260915195532.xlsx,오피스텔(전월세) 실거래가,xlsx,9.0,False,,2022-01-01 ~ 2022-12-31,오피스텔,3315,0,True,
data\raw\동대문구_2021-2026\오피스텔(전월세)_실거래가_20260915195604.xlsx,오피스텔(전월세) 실거래가,xlsx,9.0,False,,2021-01-01 ~ 2021-12-31,오피스텔,2963,0,True,
data\raw\동작구_2021-2026\연립다세대(전월세)_실거래가_동작구_2021.csv,,cp949,15.0,False,동작구,2021-01-01 ~ 2021-12-31,연립다세대,5227,0,True,
data\raw\동작구_2021-2026\연립다세대(전월세)_실거래가_동작구_2022.csv,,cp949,15.0,False,동작구,2022-01-01 ~ 2022-12-31,연립다세대,5868,0,True,
data\raw\동작구_2021-2026\연립다세대(전월세)_실거래가_동작구_2023.csv,,cp949,15.0,False,동작구,2023-01-01 ~ 2023-12-31,연립다세대,5672,0,True,
data\raw\동작구_2021-2026\연립다세대(전월세)_실거래가_동작구_2024.csv,,cp949,15.0,False,동작구,2024-01-01 ~ 2024-12-31,연립다세대,5908,0,True,
data\raw\동작구_2021-2026\연립다세대(전월세)_실거래가_동작구_2025.csv,,cp949,15.0,False,동작구,2025-01-01 ~ 2025-12-31,연립다세대,5779,0,True,
data\raw\동작구_2021-2026\연립다세대(전월세)_실거래가_동작구_2026.csv,,cp949,15.0,False,동작구,2026-01-01 ~ 2026-09-15,연립다세대,4242,0,True,
data\raw\동작구_2021-2026\오피스텔(전월세)_실거래가_동작구_2021.csv,,cp949,15.0,False,동작구,2021-01-01 ~ 2021-12-31,오피스텔,738,0,True,
data\raw\동작구_2021-2026\오피스텔(전월세)_실거래가_동작구_2022.csv,,cp949,15.0,False,동작구,2022-01-01 ~ 2022-12-31,오피스텔,718,0,True,
data\raw\동작구_2021-2026\오피스텔(전월세)_실거래가_동작구_2023.csv,,cp949,15.0,False,동작구,2023-01-01 ~ 2023-12-31,오피스텔,733,0,True,
data\raw\동작구_2021-2026\오피스텔(전월세)_실거래가_동작구_2024.csv,,cp949,15.0,False,동작구,2024-01-01 ~ 2024-12-31,오피스텔,842,0,True,
data\raw\동작구_2021-2026\오피스텔(전월세)_실거래가_동작구_2025.csv,,cp949,15.0,False,동작구,2025-01-01 ~ 2025-12-31,오피스텔,839,0,True,
data\raw\동작구_2021-2026\오피스텔(전월세)_실거래가_동작구_2026.csv,,cp949,15.0,False,동작구,2026-01-01 ~ 2026-09-15,오피스텔,568,0,True,
data\raw\서대문구_2021-2026\연립다세대(전월세)_실거래가_20260915195728.csv,,cp949,15.0,False,서대문구,2021-01-01 ~ 2021-12-31,연립다세대,3317,0,True,
data\raw\서대문구_2021-2026\연립다세대(전월세)_실거래가_20260915195749.csv,,cp949,15.0,False,서대문구,2022-01-01 ~ 2022-12-31,연립다세대,3931,0,True,
data\raw\서대문구_2021-2026\연립다세대(전월세)_실거래가_20260915195758.csv,,cp949,15.0,False,서대문구,2023-01-01 ~ 2023-12-31,연립다세대,3834,0,True,
data\raw\서대문구_2021-2026\연립다세대(전월세)_실거래가_20260915195808.csv,,cp949,15.0,False,서대문구,2024-01-01 ~ 2024-12-31,연립다세대,4076,0,True,
data\raw\서대문구_2021-2026\연립다세대(전월세)_실거래가_20260915195817.csv,,cp949,15.0,False,서대문구,2025-01-01 ~ 2025-12-31,연립다세대,4167,0,True,
data\raw\서대문구_2021-2026\연립다세대(전월세)_실거래가_20260915195826.csv,,cp949,15.0,False,서대문구,2026-01-01 ~ 2026-09-15,연립다세대,2907,0,True,
data\raw\서대문구_2021-2026\오피스텔(전월세)_실거래가_20260915195902.csv,,cp949,15.0,False,서대문구,2021-01-01 ~ 2021-12-31,오피스텔,1329,0,True,
data\raw\서대문구_2021-2026\오피스텔(전월세)_실거래가_20260915195913.csv,,cp949,15.0,False,서대문구,2022-01-01 ~ 2022-12-31,오피스텔,1510,0,True,
data\raw\서대문구_2021-2026\오피스텔(전월세)_실거래가_20260915195922.csv,,cp949,15.0,False,서대문구,2023-01-01 ~ 2023-12-31,오피스텔,1674,0,True,
data\raw\서대문구_2021-2026\오피스텔(전월세)_실거래가_20260915195932.csv,,cp949,15.0,False,서대문구,2024-01-01 ~ 2024-12-31,오피스텔,1848,0,True,
data\raw\서대문구_2021-2026\오피스텔(전월세)_실거래가_20260915195942.csv,,cp949,15.0,False,서대문구,2025-01-01 ~ 2025-12-31,오피스텔,2167,0,True,
data\raw\서대문구_2021-2026\오피스텔(전월세)_실거래가_20260915195953.csv,,cp949,15.0,False,서대문구,2026-01-01 ~ 2026-09-15,오피스텔,1426,0,True,
data\raw\성북구_2021-2026.xlsx,오피스텔,xlsx,0.0,False,,,오피스텔,3430,0,True,
data\raw\성북구_2021-2026.xlsx,연립다세대,xlsx,0.0,False,,,연립다세대,26454,0,True,
