station_name,lat,lon,address,kakao_place_id
4.19민주묘지역 우이신설선,37.6495307746374,127.01369763482,서울 강북구 우이동 72-182,1644708031
가락시장역 3호선,37.4922493218664,127.11764173832,서울 송파구 가락동 184-23,27260940
가락시장역 8호선,37.4930992522183,127.118262745146,서울 송파구 가락동 184-23,21160731
가산디지털단지역 1호선,37.4815311901749,126.882614758479,서울 금천구 가산동 468-4,1342197504
가산디지털단지역 7호선,37.4803959660982,126.882661758356,서울 금천구 가산동 468-4,21160721
가오리역 우이신설선,37.6415440572233,127.01676896839822,서울 강북구 수유동 371-1,338574240
가좌역 경의중앙선,37.5687433529646,126.914815128053,서울 서대문구 남가좌동 293-64,26352438
갈매역 경춘선,37.6340689252244,127.114760741021,경기 구리시 갈매동 502-39,12706594
강남구청역 7호선,37.51721617197854,127.0413109462156,서울 강남구 삼성동 111-44,21161042
강남구청역 수인분당선,37.5166241449989,127.04150404599,서울 강남구 삼성동 111-44,21160927
강남역 2호선,37.49808633653005,127.02800140627488,서울 강남구 역삼동 858,21160803
강남역 신분당선,37.4967771303817,127.028185245594,서울 강남구 역삼동 858,18381853
강동구청역 8호선,37.5302111983522,127.12044373032,서울 강동구 성내동 319,21161045
강변역 2호선,37.5351180385975,127.094741101863,서울 광진구 구의동 546-6,21160537
개포동역 수인분당선,37.4891394691891,127.066120707828,서울 강남구 개포동 195,8192414
건대입구역 2호선,37.54040751726388,127.06920291650829,서울 광진구 화양동 7-3,21160625
건대입구역 7호선,37.5408686005702,127.071104284458,서울 광진구 화양동 6-3,21160772
경복궁역 3호선,37.5758061234865,126.973691352767,서울 종로구 적선동 81-1,21160823
경찰병원역 3호선,37.4960049150853,127.124482397777,서울 송파구 가락동 10-15,11739480
고려대역 6호선,37.59044191064368,127.03630828564728,서울 성북구 종암동 29-18,21160766
고속터미널역 3호선,37.50454885557265,127.00512100872538,서울 서초구 반포동 19-11,21160819
고속터미널역 7호선,37.5033865633062,127.005007834609,서울 서초구 반포동 19-11,21160722
고속터미널역 9호선,37.5059814899483,127.004211793489,서울 서초구 반포동 19-11,21160718
공덕역 5호선,37.5445416897534,126.951451177648,서울 마포구 공덕동 423-29,21160756
공덕역 6호선,37.543530049331636,126.95189540256291,서울 마포구 공덕동 439,21160856
공덕역 경의중앙선,37.5424735099283,126.95271984059,서울 마포구 도화동 25-13,26352421
공덕역 공항철도,37.5423148868697,126.952602261123,서울 마포구 도화동 25-13,16017501
공릉역 7호선,37.6255427648558,127.073033585328,서울 노원구 공릉동 385-4,21160705
관악산역 신림선,37.4690860478461,126.94509952208,서울 관악구 신림동 211,606399200
광나루역 5호선,37.5452991715677,127.103521464507,서울 광진구 광장동 237,21160687
광운대역 1호선,37.6238373628149,127.061695160651,서울 노원구 월계동 85,10479392
광운대역 경춘선,37.623916497664,127.061985215335,서울 노원구 월계동 85,22079305
광화문역 5호선,37.57164860977568,126.97642427981408,서울 종로구 세종로 1-68,21160840
광흥창역 6호선,37.54748648317645,126.93202965599583,서울 마포구 창전동 145-17,21160700
교대역 2호선,37.4938999991414,127.014383829781,서울 서초구 서초동 1748-4,21160582
교대역 3호선,37.4927431676548,127.013867969161,서울 서초구 서초동 1748-4,21160636
구로디지털단지역 2호선,37.4852605752505,126.901473080039,서울 구로구 구로동 810-3,21160579
구로역 1호선,37.50334155631282,126.88230806229326,서울 구로구 구로동 585-3,21160519
구룡역 수인분당선,37.4870274262116,127.059492941655,서울 강남구 개포동 175-3,21160739
구반포역 9호선,37.5014398319603,126.987464905696,서울 서초구 반포동 817,8189616
구산역 6호선,37.61124669148435,126.91725947715172,서울 은평구 구산동 1,25051253
구의역 2호선,37.5371752725594,127.086180837795,서울 광진구 구의동 245-24,21160586
구파발역 3호선,37.6364357889145,126.918852820009,서울 은평구 진관동 67-26,21160820
국회의사당역 9호선,37.5281465047706,126.91783895106,서울 영등포구 여의도동 1-6,8690986
군자역 5호선,37.557151488837924,127.0795106156054,서울 광진구 능동 275-5,21160692
군자역 7호선,37.55745501860533,127.07966825326926,서울 광진구 능동 275-5,21160712
금천구청역 1호선,37.4561943743749,126.893608614581,서울 금천구 시흥동 113-55,21160614
금호역 3호선,37.548260922874086,127.01582916945283,서울 성동구 금호동4가 1470,21160591
길음역 4호선,37.603394782316634,127.02506019737066,서울 성북구 길음동 877-66,21160641
낙성대역 2호선,37.4770932409965,126.963523905001,서울 관악구 봉천동 1693-39,21160588
남구로역 7호선,37.48625714438263,126.88741505160269,서울 구로구 구로동 801-95,21161037
남부터미널역 3호선,37.4851996335293,127.01620028391,서울 서초구 서초동 1748-30,25048049
남성역 7호선,37.484793511299706,126.97091020065321,서울 동작구 사당동 산 25-33,21160710
남영역 1호선,37.540566672483216,126.97133096608212,서울 용산구 갈월동 96-1,10182341
남태령역 4호선,37.4642499558525,126.989085267707,서울 서초구 방배동 2909,21160558
내방역 7호선,37.4876585212369,126.993600180589,서울 서초구 방배동 874-16,21160723
노들역 9호선,37.5126721234205,126.953096069577,서울 동작구 본동 475-1,10188645
노량진역 1호선,37.5140547961008,126.942109882124,서울 동작구 노량진동 67-2,21160525
노량진역 9호선,37.5135856714992,126.940893179777,서울 동작구 노량진동 60-11,11293715
노원역 4호선,37.6563403513278,127.063449137455,서울 노원구 상계동 602-5,21160825
노원역 7호선,37.6545110763411,127.06055556456411,서울 노원구 상계동 729,21160704
녹번역 3호선,37.6008067681825,126.935828008217,서울 은평구 녹번동 55,22905774
녹사평역 6호선,37.5347227952064,126.9865496751,서울 용산구 용산동4가 4,21160673
녹천역 1호선,37.644633445567656,127.05138201885734,서울 도봉구 창동 57-11,21160573
논현역 7호선,37.51120000205266,127.02165424259898,서울 강남구 논현동 279-67,21161039
논현역 신분당선,37.5104125196351,127.021678898276,서울 강남구 논현동 280,606928302
답십리역 5호선,37.56697480965114,127.05256127651293,서울 성동구 용답동 99,21160753
당곡역 신림선,37.490223280126,126.927560844494,서울 관악구 봉천동 985,606693160
당산역 2호선,37.5347843171332,126.902611795523,서울 영등포구 당산동6가 323-1,21160580
당산역 9호선,37.5337892432802,126.902165052778,서울 영등포구 당산동6가 227-1,21161048
대림역 2호선,37.4933099444417,126.894931036051,서울 구로구 구로동 1204,21160532
대림역 7호선,37.4928430008915,126.896722858042,서울 영등포구 대림동 1050-17,21160769
대모산입구역 수인분당선,37.4915500752654,127.073070274916,서울 강남구 일원동 700-1,21160484
대방역 1호선,37.51335413975466,126.92649449142719,서울 영등포구 신길동 1368-3,21160610
대방역 신림선,37.5128137623052,126.925415962213,서울 영등포구 신길동 1368-3,606899227
대청역 3호선,37.49370832148055,127.07952812085006,서울 강남구 일원동 700-9,21160637
대치역 3호선,37.4944966528582,127.063203409529,서울 강남구 대치동 317-3,21160634
대흥역 6호선,37.5476479056751,126.942473188734,서울 마포구 대흥동 128-1,21160764
도곡역 3호선,37.49097398162934,127.05549883514037,서울 강남구 도곡동 339-2,21160593
도곡역 수인분당선,37.491628295881874,127.05510807289598,서울 강남구 도곡동 339-2,21160928
도림천역 2호선,37.5145080414761,126.882649092584,서울 구로구 신도림동 323-16,21160621
도봉산역 1호선,37.68951167833238,127.04606271663916,서울 도봉구 도봉동 301-5,21160517
도봉산역 7호선,37.6896304650032,127.046425596353,서울 도봉구 도봉동 38-3,21160711
도봉역 1호선,37.6792119046658,127.045534886672,서울 도봉구 도봉동 639,21160786
독립문역 3호선,37.57446627898665,126.95791371132584,서울 서대문구 현저동 101,21160638
독바위역 6호선,37.6184141599944,126.933053652461,서울 은평구 불광동 13-33,25045331
독산역 1호선,37.46597376787178,126.88947790336374,서울 금천구 가산동 717,21160605
돌곶이역 6호선,37.61054501416126,127.0564381246322,서울 성북구 석관동 349-8,1416598486
동대문역 1호선,37.57166940579655,127.0106338108367,서울 종로구 창신동 492-1,21160565
동대문역 4호선,37.5709072753658,127.009313828405,서울 종로구 종로6가 287-1,21160553
동대문역사문화공원역 2호선,37.56566440553802,127.00900417014896,서울 중구 을지로7가 112-3,21160617
동대문역사문화공원역 4호선,37.565033800640144,127.00769790634796,서울 중구 광희동2가 9,21160597
동대문역사문화공원역 5호선,37.56462215427451,127.00579179092047,서울 중구 광희동1가 235-6,21160658
동대입구역 3호선,37.55905581925076,127.00531600900922,서울 중구 장충동2가 199-3,21160629
동묘앞역 1호선,37.5732166600283,127.016364227103,서울 종로구 숭인동 117,21160608
동묘앞역 6호선,37.5721715926337,127.015725557994,서울 종로구 숭인동 316-3,21160848
동작역 4호선,37.50297957674478,126.9803148383829,서울 동작구 동작동 327-1,21160647
동작역 9호선,37.50294134516106,126.97810272869033,서울 동작구 동작동 326,21161049
디지털미디어시티역 6호선,37.57601374718818,126.90127778415635,서울 은평구 증산동 223-25,21160854
디지털미디어시티역 경의중앙선,37.57740168656261,126.90069067398757,서울 은평구 수색동 37-2,27256382
디지털미디어시티역 공항철도,37.57752092438604,126.89788185706144,서울 마포구 상암동 1140,27256221
뚝섬역 2호선,37.547241554679,127.04738727881,서울 성동구 성수동1가 656-745,21160627
마들역 7호선,37.6652017465321,127.057712619869,서울 노원구 상계동 650,21160774
마장역 5호선,37.5661389565959,127.042984855663,서울 성동구 마장동 804,21160660
마포구청역 6호선,37.5634871865932,126.903425598797,서울 마포구 성산동 592,21160698
마포역 5호선,37.53955402908912,126.94586257221307,서울 마포구 도화동 160,21160752
망우역 경의중앙선,37.5992960295399,127.092367383432,서울 중랑구 상봉동 172,21161053
망우역 경춘선,37.600017312378,127.091738656282,서울 중랑구 상봉동 172,12706589
망원역 6호선,37.5560826563712,126.910094329982,서울 마포구 망원동 378,21160668
망월사역 1호선,37.7102191609902,127.047418285506,경기 의정부시 호원동 50-5,11322295
매봉역 3호선,37.4869394661317,127.046711448388,서울 강남구 도곡동 179-2,21160816
먹골역 7호선,37.6106193846197,127.077762187968,서울 중랑구 묵동 189-5,21160720
면목역 7호선,37.5887148877725,127.087503803859,서울 중랑구 면목동 282-6,21160767
명동역 4호선,37.56096526943837,126.98640235001736,서울 중구 충무로2가 109-2,21160648
몽촌토성역 8호선,37.5178055794687,127.11286534895457,서울 송파구 신천동 19,21160501
무악재역 3호선,37.5825632263526,126.950230954136,서울 서대문구 홍제동 26-1,21160595
문래역 2호선,37.5179757181801,126.894778820701,서울 영등포구 문래동3가 68-1,21160581
문정역 8호선,37.4860310539381,127.122484886901,서울 송파구 문정동 119-4,21161046
미아사거리역 4호선,37.61327836400571,127.03008663628454,서울 강북구 미아동 66-1,21160555
미아역 4호선,37.6266544891889,127.026041090189,서울 강북구 미아동 194-1,21160599
반포역 7호선,37.5081614290284,127.011586161943,서울 서초구 잠원동 103,21160707
방배역 2호선,37.4814561268152,126.997553345516,서울 서초구 방배동 912-14,21160807
방이역 5호선,37.5087506251989,127.126096046986,서울 송파구 방이동 217-2,21160691
방학역 1호선,37.6674383662755,127.044321721307,서울 도봉구 방학동 728,21160795
버티고개역 6호선,37.5478275106099,127.006730866101,서울 중구 신당동 366-454,21160760
별내별가람역 4호선,37.6678462120372,127.116241994779,경기 남양주시 별내동 836,2082541920
별내역 8호선,37.642486592412226,127.12728258400915,경기 남양주시 별내동 182-5,352732548
별내역 경춘선,37.642067071704496,127.1269691476328,경기 남양주시 별내동 182-5,21161058
보라매공원역 신림선,37.4954456720422,126.918140532784,서울 동작구 신대방동 722,606777939
보라매병원역 신림선,37.4929643194464,126.923549547206,서울 동작구 신대방동 395-61,606385845
보라매역 7호선,37.49992085496506,126.92061230710924,서울 동작구 대방동 466-51,21160724
보라매역 신림선,37.5003072682843,126.920436608423,서울 동작구 대방동 466-51,606796346
보문역 6호선,37.585541696968,127.020003515933,서울 성북구 보문동1가 127-1,21160763
보문역 우이신설선,37.5850444246949,127.019550510271,서울 성북구 보문동1가 127-1,1089335859
복정역 8호선,37.47074367341675,127.12672175187316,서울 송파구 장지동 596-21,21160729
복정역 수인분당선,37.46904181976967,127.12657757539301,서울 송파구 장지동 596-21,21160469
봉은사역 9호선,37.5142554489848,127.060233935114,서울 강남구 삼성동 172,26550131
봉천역 2호선,37.4824725161034,126.941686527151,서울 관악구 봉천동 979-7,21160810
봉화산역 6호선,37.617350836302734,127.09136011564394,서울 중랑구 신내동 643-1,21160696
북한산보국문역 우이신설선,37.6121367531121,127.008263392003,서울 성북구 정릉동 289-94,1945429901
북한산우이역 우이신설선,37.66288704047998,127.01275713087601,서울 강북구 우이동 16-27,1361581615
불광역 3호선,37.6100477979795,126.930315826401,서울 은평구 대조동 13-10,21160630
불광역 6호선,37.61087796280672,126.92939540272262,서울 은평구 대조동 13-10,21160667
불암산역 4호선,37.67021773630595,127.07906662027122,서울 노원구 상계동 111,21160824
사가정역 7호선,37.5809403751459,127.088504554212,서울 중랑구 면목동 495,21160857
사당역 2호선,37.47656223234824,126.98155858357366,서울 동작구 사당동 1129,21160811
사당역 4호선,37.4775912070902,126.98169851997,서울 동작구 사당동 588-44,21160829
사평역 9호선,37.5042326273953,127.015272484531,서울 서초구 반포동 128-7,7918693
삼각지역 4호선,37.5344393447708,126.972922951307,서울 용산구 한강로1가 228-1,25048776
삼각지역 6호선,37.53560639488231,126.97405509443837,서울 용산구 한강로1가 228-1,11277106
삼성역 2호선,37.508822740225305,127.06302321147605,서울 강남구 삼성동 172-66,21160620
삼성중앙역 9호선,37.5129614511319,127.053043676912,서울 강남구 삼성동 111-147,26550128
삼송역 3호선,37.65326511526386,126.89573389994084,경기 고양시 덕양구 삼송동 18-5,21160635
삼양사거리역 우이신설선,37.6213181360851,127.020488845069,서울 강북구 미아동 791-2244,1799238778
삼양역 우이신설선,37.6269190539283,127.018156780705,서울 강북구 미아동 791-4755,609233775
삼전역 9호선,37.504549097056476,127.08736363126373,서울 송파구 잠실동 347,298409584
상계역 4호선,37.660720544722,127.073421632239,서울 노원구 상계동 156-203,21160554
상도역 7호선,37.5028706251049,126.947917975554,서울 동작구 상도1동 702-1,21160726
상봉역 7호선,37.5955853328943,127.085754455388,서울 중랑구 상봉동 100-9,21160675
상봉역 경의중앙선,37.59671381067542,127.08515107127755,서울 중랑구 상봉동 100-9,11981983
상봉역 경춘선,37.5969733432502,127.085085690038,서울 중랑구 상봉동 100-9,12706588
상수역 6호선,37.54776618366393,126.92242989321456,서울 마포구 상수동 309-10,21160855
상왕십리역 2호선,37.56443666620397,127.02927241035283,서울 성동구 하왕십리동 946-14,21160535
상월곡역 6호선,37.6065588265169,127.048829192974,서울 성북구 상월곡동 26-1,21160761
새절역 6호선,37.5908600479967,126.913580663181,서울 은평구 신사동 337-5,21160695
샛강역 9호선,37.51737287009036,126.9283750591322,서울 영등포구 여의도동 5-6,7929049
샛강역 신림선,37.5171662943088,126.929463427672,서울 영등포구 여의도동 5-6,606843973
서강대역 경의중앙선,37.5521384864879,126.935507621173,서울 마포구 노고산동 112-5,26352318
서대문역 5호선,37.56575193662503,126.96663755850754,서울 종로구 평동 210,21160751
서빙고역 경의중앙선,37.519568139395346,126.98841094338457,서울 용산구 서빙고동 241-98,21160862
서울대벤처타운역 신림선,37.4720023242775,126.933959958388,서울 관악구 신림동 110-99,606474580
서울대입구역 2호선,37.4812845080678,126.952713197762,서울 관악구 봉천동 979-2,21160541
서울숲역 수인분당선,37.543645796605,127.044746216358,서울 성동구 성수동1가 656-436,18234120
서울역 1호선,37.55597933890212,126.97209238331357,서울 중구 남대문로5가 73-6,27254967
서울역 4호선,37.553027798935524,126.97264235696984,서울 용산구 동자동 14-151,21160827
서울역 GTX-A,37.5554875216741,126.972636930856,서울 중구 봉래동2가 166-1,161159877
서울역 경의중앙선,37.55693330961779,126.9713179064219,서울 중구 봉래동2가 122-28,26352409
서울역 공항철도,37.55332892758497,126.96974961781686,서울 용산구 동자동 43-205,21161051
서울지방병무청역 신림선,37.5060553927614,126.922713971785,서울 동작구 대방동 466-41,606844526
서원역 신림선,37.4782386357719,126.93310993651,서울 관악구 신림동 808-407,606398501
서초역 2호선,37.4918499338918,127.007662120039,서울 서초구 서초동 1748-5,21160623
석계역 1호선,37.61500552731744,127.06568946412851,서울 노원구 월계동 36-4,7946022
석계역 6호선,37.6151491167469,127.066703301093,서울 노원구 월계동 25-2,21160670
석촌고분역 9호선,37.50246245994369,127.0965081858022,서울 송파구 삼전동 157-1,1822985559
석촌역 8호선,37.5054141216925,127.107004062699,서울 송파구 석촌동 209,21160778
석촌역 9호선,37.504972845773686,127.10676479806769,서울 송파구 석촌동 209,1578645608
선릉역 2호선,37.504497373023206,127.04896282498558,서울 강남구 삼성동 172-66,21160804
선릉역 수인분당선,37.505167825521674,127.04870992465413,서울 강남구 삼성동 172-66,21161056
선유도역 9호선,37.53815865606546,126.89333386450167,서울 영등포구 양평동5가 66-1,7939160
선정릉역 9호선,37.51032431709664,127.0440148858615,서울 강남구 삼성동 111-114,26550129
선정릉역 수인분당선,37.5109326388803,127.043627289129,서울 강남구 삼성동 111-114,21160738
성수역 2호선,37.5445888153751,127.056066999327,서울 성동구 성수동2가 300-1,21160626
성신여대입구역 4호선,37.59296812939267,127.0171260607647,서울 성북구 동선동4가 1,21160600
성신여대입구역 우이신설선,37.5923825668685,127.016549589616,서울 성북구 동선동4가 1,1189478251
솔밭공원역 우이신설선,37.6559782562487,127.013268181236,서울 강북구 우이동 57-18,1495739393
솔샘역 우이신설선,37.620259575206596,127.01355180603669,서울 강북구 미아동 1353-29,320375633
송파나루역 9호선,37.51101671275264,127.11266171422027,서울 송파구 방이동 2,40611700
송파역 8호선,37.4997149535067,127.112193506363,서울 송파구 가락동 459-4,21160714
수락산역 7호선,37.6778814656816,127.055350968781,서울 노원구 상계동 1132-9,21160859
수색역 경의중앙선,37.5808625683358,126.895659474538,서울 은평구 수색동 81,26352427
수서역 3호선,37.487459640349336,127.10205874359781,서울 강남구 수서동 728,21160551
수서역 GTX-A,37.4866365875118,127.102558521485,서울 강남구 수서동 214-16,59252094
수서역 수인분당선,37.48791648624159,127.10096935722798,서울 강남구 수서동 728,27255180
수유역 4호선,37.63788539420793,127.02550910860451,서울 강북구 수유동 140,21160454
숙대입구역 4호선,37.5445952301115,126.972118127373,서울 용산구 갈월동 16-7,21160643
숭실대입구역 7호선,37.4963172817574,126.953621963422,서울 동작구 상도동 514,21160725
시청역 1호선,37.56534539636417,126.97719821079865,서울 중구 정동 5-5,21160570
시청역 2호선,37.56368183746611,126.97559827045151,서울 중구 서소문동 90-1,21160536
신금호역 5호선,37.55447619249223,127.02049316578315,서울 성동구 금호동2가 223-1,21160482
신길역 1호선,37.51678703217714,126.91836721069228,서울 영등포구 신길동 41-1,14577297
신길역 5호선,37.517663974187,126.914913947722,서울 영등포구 영등포동1가 35,21160688
신내역 6호선,37.6124910157349,127.104271439503,서울 중랑구 신내동 19,6675513
신내역 경춘선,37.61270546979327,127.10322521629693,서울 중랑구 망우동 320,12706592
신논현역 9호선,37.504811111562,127.025492036104,서울 강남구 역삼동 800,7967869
신논현역 신분당선,37.5036164990854,127.024926154562,서울 강남구 역삼동 858,606997515
신답역 2호선,37.5698386846442,127.047080117369,서울 성동구 용답동 129-2,21160808
신당역 2호선,37.5656730531732,127.019477533278,서울 중구 신당동 99,21160801
신당역 6호선,37.56609251486158,127.01617590593352,서울 중구 흥인동 162-1,21160693
신대방삼거리역 7호선,37.499757228908564,126.92821094566965,서울 동작구 대방동 406-10,21161040
신대방역 2호선,37.48765046104574,126.91350747615147,서울 동작구 신대방동 643-1,21160587
신도림역 1호선,37.508908482648,126.891312500851,서울 구로구 신도림동 460-26,21160787
신도림역 2호선,37.508222191535346,126.89161095407636,서울 구로구 신도림동 460-26,21160618
신림역 2호선,37.484267135140364,126.9297453749671,서울 관악구 신림동 1467-10,21160540
신림역 신림선,37.4848815538296,126.929629471493,서울 관악구 신림동 1467-10,606518532
신목동역 9호선,37.5442883741577,126.883095790252,서울 양천구 목동 136-2,10524953
신반포역 9호선,37.5035091412544,126.996082392175,서울 서초구 반포동 128-1,7968042
신사역 3호선,37.51643597531432,127.02030856272764,서울 강남구 신사동 667,21160633
신사역 신분당선,37.5160820085929,127.019551734927,서울 강남구 신사동 667,606945581
신설동역 1호선,37.5760299683175,127.024456700382,서울 동대문구 신설동 76-5,21160522
신설동역 2호선,37.5748045192005,127.024918166399,서울 동대문구 신설동 76-5,21160805
신설동역 우이신설선,37.576550995373644,127.02320708440578,서울 동대문구 신설동 76-5,2019076990
신용산역 4호선,37.5292591489375,126.967965039183,서울 용산구 한강로2가 181,21160557
신이문역 1호선,37.6017816437084,127.067398003775,서울 동대문구 이문동 360-1,7977875
신촌역 2호선,37.555198169366435,126.93698075993808,서울 마포구 노고산동 31-11,21160531
신촌역 경의중앙선,37.55967513765615,126.94208931819857,서울 서대문구 신촌동 74-12,26352363
신풍역 7호선,37.5001229935524,126.90975434386,서울 영등포구 신길동 3599,21160708
쌍문역 4호선,37.6485426057036,127.03465609756,서울 도봉구 창동 703-4,21160598
아차산역 5호선,37.55224917071854,127.08956495447913,서울 광진구 능동 256-16,21160654
아현역 2호선,37.55740617797663,126.95614644008904,서울 마포구 아현동 354-23,21160583
안국역 3호선,37.57650192060523,126.98542143228659,서울 종로구 안국동 73-1,21160552
안암역 6호선,37.586307417971,127.029233420248,서울 성북구 안암동5가 146-1,21160853
암사역 8호선,37.55015818096496,127.12754072968517,서울 강동구 암사동 501,21160777
압구정로데오역 수인분당선,37.5275184818021,127.0406027693898,서울 강남구 압구정동 495,18234115
압구정역 3호선,37.52649127416921,127.02850865895756,서울 강남구 신사동 668,21160592
애오개역 5호선,37.5534131497489,126.956669363197,서울 마포구 아현동 612,21160659
약수역 3호선,37.5545053994984,127.010891666957,서울 중구 신당동 369-44,21160813
약수역 6호선,37.5539252226626,127.010153707232,서울 중구 신당동 369-2,21160757
양원역 경의중앙선,37.6066060557557,127.107946139148,서울 중랑구 망우동 269-5,21160860
양재시민의숲역 신분당선,37.4701332061395,127.038471341381,서울 서초구 양재동 233-2,18382446
양재역 3호선,37.48457681195669,127.03416413380752,서울 서초구 서초동 1366-9,21160815
양재역 신분당선,37.4834655780476,127.035154074503,서울 서초구 서초동 1366-9,14659150
양평역 5호선,37.5255796429707,126.886419282885,서울 영등포구 양평동2가 33-79,21160684
어린이대공원역 7호선,37.54796087622509,127.07465525507352,서울 광진구 화양동 164-1,21160702
언주역 9호선,37.5073353959717,127.033970921595,서울 강남구 논현동 279-165,26550130
여의나루역 5호선,37.5271469489465,126.93298596744,서울 영등포구 여의도동 84-4,21160661
여의도역 5호선,37.5217753947299,126.924397990207,서울 영등포구 여의도동 3,21160843
여의도역 9호선,37.5211700890445,126.92466104293,서울 영등포구 여의도동 2-6,10652921
역삼역 2호선,37.5006744185994,127.03646946847,서울 강남구 역삼동 804,21160619
역촌역 6호선,37.60622745935512,126.9228437430386,서울 은평구 녹번동 153-31,8000790
연신내역 3호선,37.61920414913163,126.92110296894133,서울 은평구 갈현동 397,21160814
연신내역 6호선,37.61851445829909,126.92045466718463,서울 은평구 갈현동 397,21160758
연신내역 GTX-A,37.6189362438035,126.920637714408,서울 은평구 갈현동 389-15,161414222
영등포구청역 2호선,37.5258305311402,126.89667739939,서울 영등포구 당산동3가 270-1,21160534
영등포구청역 5호선,37.5242291583027,126.895322094259,서울 영등포구 당산동3가 556-1,21160749
영등포시장역 5호선,37.522709383885,126.905179566968,서울 영등포구 영등포동5가 62-1,21160665
영등포역 1호선,37.5156726288261,126.907550274975,서울 영등포구 영등포동 618-496,21160794
옥수역 3호선,37.5415662783673,127.017393782846,서울 성동구 옥수동 168-1,21160546
옥수역 경의중앙선,37.540511901869166,127.01874455821252,서울 성동구 옥수동 168-1,21161054
왕십리역 2호선,37.561268363317176,127.03710337610202,서울 성동구 행당동 192,21160481
왕십리역 5호선,37.56203954461276,127.03733125702163,서울 성동구 행당동 192,21160841
왕십리역 경의중앙선,37.56205814456861,127.0383329389645,서울 성동구 행당동 168-151,21160924
왕십리역 수인분당선,37.56063982853407,127.03878380532441,서울 성동구 행당동 168-151,18234123
외대앞역 1호선,37.596274142656114,127.06369251145765,서울 동대문구 이문동 360-5,10706726
용답역 2호선,37.562122776762756,127.05088954367504,서울 성동구 용답동 127,21160624
용두역 2호선,37.5740621283646,127.038275698211,서울 동대문구 용두동 47-1,21160538
용마산역 7호선,37.57366797492471,127.08671982507775,서울 중랑구 면목동 1316-5,21160703
용산역 1호선,37.52977356999725,126.96462961258051,서울 용산구 한강로3가 40-999,21160526
용산역 경의중앙선,37.52960692295435,126.96475753303035,서울 용산구 한강로3가 40-999,21160921
월계역 1호선,37.6332775453974,127.058857087601,서울 노원구 월계동 263-7,21160518
월곡역 6호선,37.6018044172918,127.041460725816,서울 성북구 하월곡동 35-1,21160699
월드컵경기장역 6호선,37.5696355653344,126.899098148061,서울 마포구 성산동 420,21160672
을지로3가역 2호선,37.56629149790628,126.99098443539428,서울 중구 을지로3가 347-3,21160530
을지로3가역 3호선,37.5664312655685,126.992615486076,서울 중구 을지로3가 282-8,21160590
을지로4가역 2호선,37.5666405038268,126.997632059113,서울 중구 을지로4가 267-1,21160578
을지로4가역 5호선,37.567564032148596,126.99804517954063,서울 중구 주교동 191,21160685
을지로입구역 2호선,37.566035517712955,126.9821953112953,서울 중구 을지로1가 100-1,21160622
응봉역 경의중앙선,37.5499526279456,127.034483653629,서울 성동구 응봉동 246,17493449
응암역 6호선,37.5984928632876,126.9155399209037,서울 은평구 신사동 22-15,25039996
이대역 2호선,37.556814718869,126.94642954546576,서울 마포구 염리동 8-85,21160628
이수역 7호선,37.48528852311765,126.98167629035197,서울 동작구 사당동 144-4,21160773
이촌역 4호선,37.522373484615365,126.97452008954151,서울 용산구 용산동5가 17-112,25039152
이촌역 경의중앙선,37.52241291408466,126.97354382085399,서울 용산구 이촌동 17-69,21161055
이태원역 6호선,37.5345252050511,126.994333861918,서울 용산구 이태원동 119-23,21160762
일원역 3호선,37.4839886684666,127.084129757128,서울 강남구 일원동 717,21160466
자양역 7호선,37.53155927720518,127.06679509976304,서울 광진구 자양동 73-2,21160709
잠실나루역 2호선,37.5207124124456,127.103808749487,서울 송파구 신천동 15,21160584
잠실새내역 2호선,37.5116263587296,127.086314327913,서울 송파구 잠실동 33,21160539
잠실역 2호선,37.51331105877401,127.10023101886318,서울 송파구 신천동 8,21160809
잠실역 8호선,37.5143121584933,127.103270523629,서울 송파구 신천동 7-4,21160730
잠원역 3호선,37.5128899169357,127.011419491429,서울 서초구 잠원동 100-1,21160821
장승배기역 7호선,37.5048990621814,126.939072381356,서울 동작구 상도동 26-20,21160771
장암역 7호선 (임시휴업),37.6999736783456,127.052833063769,경기 의정부시 장암동 153,1873888393
장지역 8호선,37.4786316933099,127.12617656737,서울 송파구 장지동 201-5,21161044
장한평역 5호선,37.5616038910656,127.06370373106944,서울 동대문구 장안동 472-3,21160662
정릉역 우이신설선,37.602614606648,127.013539545056,서울 성북구 정릉동 966-330,1208998751
제기동역 1호선,37.57817349658033,127.03494949507864,서울 동대문구 제기동 65,21160567
종각역 1호선,37.570227990912244,126.98315081716676,서울 종로구 종로1가 54,21160613
종로3가역 1호선,37.570420844523,126.992153252476,서울 종로구 종로3가 10-5,21160784
종로3가역 3호선,37.571563287751246,126.9918757981544,서울 종로구 묘동 20-5,21160545
종로3가역 5호선,37.57258941181964,126.9904176797898,서울 종로구 돈의동 39-1,21160680
종로5가역 1호선,37.57097610838373,127.00153834521934,서울 종로구 종로5가 82-1,21160791
종합운동장역 2호선,37.5111446632705,127.073849447402,서울 송파구 잠실동 122,21160812
종합운동장역 9호선,37.5114097871778,127.076324485585,서울 송파구 잠실동 122,26550127
중계역 7호선,37.6450921230569,127.06411035896,서울 노원구 중계동 503-3,21160727
중곡역 7호선,37.56592206115955,127.08431236632154,서울 광진구 중곡동 273-2,21160858
중랑역 경의중앙선,37.5948425975025,127.075680398461,서울 중랑구 중화동 73-7,21160861
중랑역 경춘선,37.5950833462926,127.076790328944,서울 중랑구 중화동 73-7,2143660421
중화역 7호선,37.6025526943256,127.079312037122,서울 중랑구 중화동 50-3,21160775
증산역 6호선,37.583746353282,126.909494991105,서울 은평구 증산동 199-8,25037150
지축역 3호선,37.6481486423031,126.913854269202,경기 고양시 덕양구 지축동 818-64,21160596
창동역 1호선,37.6533385121404,127.047644999036,서울 도봉구 창동 135-1,21160604
창동역 4호선,37.6533706449195,127.04838841056,서울 도봉구 창동 135-1,21160640
창신역 6호선,37.57941474393655,127.01529688465331,서울 종로구 창신동 20-8,21160671
천호역 5호선,37.5385112120297,127.12392845044,서울 강동구 천호동 455,8099936
천호역 8호선,37.537936231906734,127.12320335921426,서울 강동구 천호동 455,21160713
청구역 5호선,37.5602101936978,127.013943845279,서울 중구 신당동 295-2,21160835
청구역 6호선,37.5609165488093,127.014165812912,서울 중구 신당동 295-2,17754615
청담역 7호선,37.519455579961,127.053717937903,서울 강남구 청담동 77-76,21161041
청량리역 1호선,37.580037056302906,127.04472723023305,서울 동대문구 전농동 620-67,21160572
청량리역 경의중앙선,37.580279093795085,127.04786558187519,서울 동대문구 전농동 547,8089626
청량리역 경춘선,37.581273475892466,127.0486360630067,서울 동대문구 전농동 547,1811486888
청량리역 수인분당선,37.5808953806814,127.047847862522,서울 동대문구 전농동 547,1113878626
총신대입구역 4호선,37.4867995957995,126.982211871752,서울 동작구 사당동 736-1,21160644
충무로역 3호선,37.56139658395457,126.99414960395544,서울 중구 필동2가 16-2,21160543
충무로역 4호선,37.56151106015413,126.9952553883253,서울 중구 필동2가 16-2,21160639
충정로역 2호선,37.55976328822766,126.96449207476172,서울 서대문구 충정로3가 319-1,21160806
충정로역 5호선,37.56042867918723,126.96303964820936,서울 서대문구 충정로3가 248-1,21160686
태릉입구역 6호선,37.6173499119222,127.07475176155,서울 노원구 공릉동 616-4,98534079
태릉입구역 7호선,37.618459513199,127.075405300578,서울 노원구 공릉동 616-4,17754628
하계역 7호선,37.6364765391858,127.067991278758,서울 노원구 하계동 273-5,21161043
학동역 7호선,37.51434578734927,127.03190190063152,서울 강남구 논현동 279-67,21160676
학여울역 3호선,37.4968851977644,127.071166599707,서울 강남구 대치동 514-3,21160548
한강진역 6호선,37.5397907743775,127.001765135176,서울 용산구 한남동 726-494,21160852
한남역 경의중앙선,37.5294289189437,127.009209110584,서울 용산구 한남동 399-7,21160736
한성대입구역 4호선,37.58842461354086,127.00601781685579,서울 성북구 삼선동1가 14,21160826
한성백제역 9호선,37.5165379932802,127.116449169971,서울 송파구 방이동 88-17,585546584
한양대역 2호선,37.5557159860408,127.043639802768,서울 성동구 행당동 산 17,21160585
한티역 수인분당선,37.4962857047653,127.052909749417,서울 강남구 대치동 1011-28,8154510
합정역 2호선,37.54991315995173,126.91445406513526,서울 마포구 서교동 393,21160542
합정역 6호선,37.5487840343032,126.91421318621,서울 마포구 합정동 414,21160674
행당역 5호선,37.5573637818732,127.029511840513,서울 성동구 행당동 317-241,8150245
혜화역 4호선,37.58204391787134,127.00194500977393,서울 종로구 명륜4가 96-5,21160556
홍대입구역 2호선,37.5568707448873,126.923778562273,서울 마포구 동교동 165,21160589
홍대입구역 경의중앙선,37.5574494922411,126.927118938976,서울 마포구 동교동 190-1,26352390
홍대입구역 공항철도,37.5573052656667,126.927010430346,서울 마포구 동교동 190-1,18294418
홍제역 3호선,37.5887953806088,126.944158007985,서울 서대문구 홍제동 161-1,21160544
화계역 우이신설선,37.6340873974011,127.017510491529,서울 강북구 수유동 472-678,209235362
화랑대역 6호선,37.61984245540276,127.08354181123269,서울 노원구 공릉동 285-2,21160851
회기역 1호선,37.5897962196601,127.058048369273,서울 동대문구 휘경동 317-112,622214266
회기역 경의중앙선,37.5895296349726,127.05782624137,서울 동대문구 휘경동 317-112,21160926
회기역 경춘선,37.5899221169641,127.058537601316,서울 동대문구 휘경동 317-112,670656740
회현역 4호선,37.55876114587941,126.9784372569283,서울 중구 남창동 64-1,21160642
효창공원앞역 6호선,37.5393087503306,126.96139810075,서울 용산구 효창동 80,21160701
효창공원앞역 경의중앙선,37.53860552677497,126.96282412672662,서울 용산구 효창동 80,100473650
흑석역 9호선,37.5091654719404,126.963463063008,서울 동작구 흑석동 4,21160782
