school_name,query,gu,lat,lon,address,kakao_place_id
중앙대학교 서울캠퍼스,중앙대학교 서울캠퍼스,동작구,37.50514938189445,126.95717341298158,서울 동작구 흑석동 221,11160006
숭실대학교,숭실대학교,동작구,37.495853033944364,126.95781764313084,서울 동작구 상도동 511,11124718
총신대학교 사당캠퍼스,총신대학교,동작구,37.48894434956749,126.96707315671416,서울 동작구 사당동 200-1,11237653
광운대학교,광운대학교,노원구,37.6192404638865,127.058270608867,서울 노원구 월계동 447-1,10148561
서울과학기술대학교,서울과학기술대학교,노원구,37.631881000815284,127.08027896385352,서울 노원구 공릉동 172,9108449
삼육대학교,삼육대학교,노원구,37.64310630939192,127.1055288599095,서울 노원구 공릉동 26-21,7927244
서울여자대학교 서울캠퍼스,서울여자대학교,노원구,37.626144976334544,127.09302024107471,서울 노원구 공릉동 126,9879420
인덕대학교,인덕대학교,노원구,37.63053966388862,127.05466557073467,서울 노원구 월계동 648,26527601
연세대학교 신촌캠퍼스,연세대학교 신촌캠퍼스,서대문구,37.56433710667622,126.93893572124549,서울 서대문구 신촌동 134,7813437
이화여자대학교,이화여자대학교,서대문구,37.562544705628845,126.94765009467245,서울 서대문구 대현동 11-1,11184697
명지대학교 인문캠퍼스,명지대학교 인문캠퍼스,서대문구,37.580234738358605,126.92282415743652,서울 서대문구 남가좌동 50-3,11333604
추계예술대학교,추계예술대학교,서대문구,37.562574335157535,126.95388425571609,서울 서대문구 북아현동 190-1,8095775
경기대학교 서울캠퍼스,경기대학교 서울캠퍼스,서대문구,37.5651964618968,126.962122732909,서울 서대문구 충정로2가 67-13,11350554
경희대학교 서울캠퍼스,경희대학교 서울캠퍼스,동대문구,37.5971656623384,127.05173889409078,서울 동대문구 회기동 1-5,11038502
한국외국어대학교 서울캠퍼스,한국외국어대학교 서울캠퍼스,동대문구,37.5975430443335,127.05784829549488,서울 동대문구 이문동 270-1,11244281
서울시립대학교,서울시립대학교,동대문구,37.584828300773886,127.05773316246166,서울 동대문구 전농동 694,10498806
고려대학교 서울캠퍼스,고려대학교 서울캠퍼스,성북구,37.589526761187834,127.03231892661324,서울 성북구 안암동5가 1-2,11369827
성신여자대학교 돈암수정캠퍼스,성신여자대학교 돈암수정캠퍼스,성북구,37.5916680669509,127.022129316251,서울 성북구 돈암동 173-1,11331177
국민대학교,국민대학교,성북구,37.6107638961532,126.996969239236,서울 성북구 정릉동 861-1,11325169
한성대학교,한성대학교,성북구,37.5825624632779,127.010225523923,서울 성북구 삼선동2가 389,11272875
서경대학교,서경대학교,성북구,37.61537353959452,127.01335157441319,서울 성북구 정릉동 산 16-1,7946584
동덕여자대학교,동덕여자대학교,성북구,37.6069903921957,127.041812418483,서울 성북구 하월곡동 23-1,8917867
